<?xml version="1.0" encoding="UTF-8"?>
<project-private xmlns="http://www.netbeans.org/ns/project-private/1">
    <editor-bookmarks xmlns="http://www.netbeans.org/ns/editor-bookmarks/2" lastBookmarkId="0"/>
    <open-files xmlns="http://www.netbeans.org/ns/projectui-open-files/2">
        <group>
            <file>file:/C:/Users/x74po/Documents/UniFinalYear/EIRLSS/Assignment2/Program/Banger2/Banger2-war/src/java/ui/MemberUI.java</file>
            <file>file:/C:/Users/x74po/Documents/UniFinalYear/EIRLSS/Assignment2/Program/Banger2/Banger2-war/web/myBookingsPage.xhtml</file>
            <file>file:/C:/Users/x74po/Documents/UniFinalYear/EIRLSS/Assignment2/Program/Banger2/Banger2-war/web/collectVehicle.xhtml</file>
            <file>file:/C:/Users/x74po/Documents/UniFinalYear/EIRLSS/Assignment2/Program/Banger2/Banger2-war/web/mainPage.xhtml</file>
            <file>file:/C:/Users/x74po/Documents/UniFinalYear/EIRLSS/Assignment2/Program/Banger2/Banger2-war/web/successRequest.xhtml</file>
            <file>file:/C:/Users/x74po/Documents/UniFinalYear/EIRLSS/Assignment2/Program/Banger2/Banger2-war/web/resources/mainFormatting.css</file>
            <file>file:/C:/Users/x74po/Documents/UniFinalYear/EIRLSS/Assignment2/Program/Banger2/Banger2-war/src/java/ui/UserUI.java</file>
            <file>file:/C:/Users/x74po/Documents/UniFinalYear/EIRLSS/Assignment2/Program/Banger2/Banger2-war/web/requestsPage.xhtml</file>
            <file>file:/C:/Users/x74po/Documents/UniFinalYear/EIRLSS/Assignment2/Program/Banger2/Banger2-war/web/bookingsPage.xhtml</file>
            <file>file:/C:/Users/x74po/Documents/UniFinalYear/EIRLSS/Assignment2/Program/Banger2/Banger2-war/src/java/ui/AdminUI.java</file>
        </group>
    </open-files>
</project-private>
