<?xml version="1.0" encoding="UTF-8"?>
<project-private xmlns="http://www.netbeans.org/ns/project-private/1">
    <editor-bookmarks xmlns="http://www.netbeans.org/ns/editor-bookmarks/2" lastBookmarkId="0"/>
    <open-files xmlns="http://www.netbeans.org/ns/projectui-open-files/2">
        <group>
            <file>file:/C:/Users/x74po/Documents/UniFinalYear/EIRLSS/Assignment2/Program/Banger2-JavaLibrary/src/dto/VehicleDTO.java</file>
            <file>file:/C:/Users/x74po/Documents/UniFinalYear/EIRLSS/Assignment2/Program/Banger2-JavaLibrary/src/ejb/RequestHandlerRemote.java</file>
            <file>file:/C:/Users/x74po/Documents/UniFinalYear/EIRLSS/Assignment2/Program/Banger2-JavaLibrary/src/dto/BookingDTO.java</file>
            <file>file:/C:/Users/x74po/Documents/UniFinalYear/EIRLSS/Assignment2/Program/Banger2-JavaLibrary/src/dto/RequestDTO.java</file>
            <file>file:/C:/Users/x74po/Documents/UniFinalYear/EIRLSS/Assignment2/Program/Banger2-JavaLibrary/src/ejb/Admin_UIRemote.java</file>
            <file>file:/C:/Users/x74po/Documents/UniFinalYear/EIRLSS/Assignment2/Program/Banger2-JavaLibrary/src/ejb/Member_UIRemote.java</file>
            <file>file:/C:/Users/x74po/Documents/UniFinalYear/EIRLSS/Assignment2/Program/Banger2-JavaLibrary/src/ejb/AdminHandlerRemote.java</file>
            <file>file:/C:/Users/x74po/Documents/UniFinalYear/EIRLSS/Assignment2/Program/Banger2-JavaLibrary/src/ejb/b.java</file>
        </group>
    </open-files>
</project-private>
