<?xml version="1.0" encoding="UTF-8"?>
<project-private xmlns="http://www.netbeans.org/ns/project-private/1">
    <editor-bookmarks xmlns="http://www.netbeans.org/ns/editor-bookmarks/2" lastBookmarkId="0"/>
    <open-files xmlns="http://www.netbeans.org/ns/projectui-open-files/2">
        <group>
            <file>file:/C:/Users/x74po/Documents/UniFinalYear/EIRLSS/Assignment2/Program/Banger2/Banger2-ejb/src/java/ejb/Member_UI.java</file>
            <file>file:/C:/Users/x74po/Documents/UniFinalYear/EIRLSS/Assignment2/Program/Banger2/Banger2-ejb/src/java/ejb/UserHandler.java</file>
            <file>file:/C:/Users/x74po/Documents/UniFinalYear/EIRLSS/Assignment2/Program/Banger2/Banger2-ejb/src/java/entity3/Users.java</file>
            <file>file:/C:/Users/x74po/Documents/UniFinalYear/EIRLSS/Assignment2/Program/Banger2/Banger2-ejb/src/java/ejb/Admin_UI.java</file>
            <file>file:/C:/Users/x74po/Documents/UniFinalYear/EIRLSS/Assignment2/Program/Banger2/Banger2-ejb/src/java/ejb/BookingHandler.java</file>
            <file>file:/C:/Users/x74po/Documents/UniFinalYear/EIRLSS/Assignment2/Program/Banger2/Banger2-ejb/src/java/ejb/RequestHandler.java</file>
            <file>file:/C:/Users/x74po/Documents/UniFinalYear/EIRLSS/Assignment2/Program/Banger2/Banger2-ejb/src/java/entity3/Bookings.java</file>
            <file>file:/C:/Users/x74po/Documents/UniFinalYear/EIRLSS/Assignment2/Program/Banger2/Banger2-ejb/src/java/entity3/Collectrequests.java</file>
            <file>file:/C:/Users/x74po/Documents/UniFinalYear/EIRLSS/Assignment2/Program/Banger2/Banger2-ejb/src/java/ejb/User_UI.java</file>
        </group>
    </open-files>
</project-private>
